,x,y,h,x,y,h,x,y,h,x,y,h,x,y,h,reward,done,ego_x,ego_y
0.0,3.3560000000000002e+02,8.1950000000000003e+00,3.1415926535897931e+00,3.2328500000000003e+02,4.0850000000000009e+00,3.1415926535897931e+00,4.1383939999999990e+02,3.9149999999999996e+00,3.1415926535897931e+00,4.9539360000000073e+02,8.0250000000000004e+00,3.1415926535897931e+00,6.1683740000000319e+02,4.8050000000000006e+00,3.1415926535897931e+00,,,,
0.04,3.3459000000000003e+02,8.1950000000000003e+00,3.1415926535897931e+00,3.2200500000000000e+02,4.0850000000000009e+00,3.1415926535897931e+00,4.1243579999999992e+02,3.9149999999999996e+00,3.1415926535897931e+00,4.9422720000000072e+02,8.0250000000000004e+00,3.1415926535897931e+00,6.1524420000000316e+02,4.8050000000000006e+00,3.1415926535897931e+00,0.0,0.0,406.9536,8.285
0.08,3.3356999999999999e+02,8.1950000000000003e+00,3.1415926535897931e+00,3.2071500000000003e+02,4.0850000000000009e+00,3.1415926535897931e+00,4.1103219999999993e+02,3.9149999999999996e+00,3.1415926535897931e+00,4.9306080000000071e+02,8.0250000000000004e+00,3.1415926535897931e+00,6.1365100000000314e+02,4.8050000000000006e+00,3.1415926535897931e+00,0.0,0.0,405.5769763510981,8.284532566541042
0.12,3.3254000000000002e+02,8.1950000000000003e+00,3.1415926535897931e+00,3.1943500000000000e+02,4.0850000000000009e+00,3.1339004976141442e+00,4.0962859999999995e+02,3.9149999999999996e+00,3.1415926535897931e+00,4.9189440000000070e+02,8.0250000000000004e+00,3.1415926535897931e+00,6.1205780000000311e+02,4.8050000000000006e+00,3.1415926535897931e+00,0.0,0.0,404.2001295553469,8.283581996761221
0.16,3.3151999999999998e+02,8.1950000000000003e+00,3.1415926535897931e+00,3.1813500000000005e+02,4.0950000000000006e+00,3.1415926535897931e+00,4.0822499999999997e+02,3.9149999999999996e+00,3.1415926535897931e+00,4.9072800000000069e+02,8.0250000000000004e+00,3.1415926535897931e+00,6.1046460000000309e+02,4.8050000000000006e+00,3.1415926535897931e+00,0.0,0.0,402.8230598502586,8.28213304436286
0.2,3.3049000000000001e+02,8.1950000000000003e+00,3.1415926535897931e+00,3.1683500000000004e+02,4.0950000000000006e+00,3.1415926535897931e+00,4.0693500000000000e+02,3.9149999999999996e+00,3.1415926535897931e+00,4.8956160000000068e+02,8.0250000000000004e+00,3.1415926535897931e+00,6.0887140000000306e+02,4.8050000000000006e+00,3.1415926535897931e+00,0.0,0.0,401.4457679473887,8.280205097342973
0.24,3.2947000000000003e+02,8.1950000000000003e+00,3.1415926535897931e+00,3.1554500000000002e+02,4.0950000000000006e+00,3.1415926535897931e+00,4.0560499999999996e+02,3.9149999999999996e+00,-3.1342398449231021e+00,4.8839520000000067e+02,8.0250000000000004e+00,3.1415926535897931e+00,6.0727820000000304e+02,4.8050000000000006e+00,3.1415926535897931e+00,0.0,0.0,400.06824458227874,8.277786925812247
0.28,3.2844999999999999e+02,8.1950000000000003e+00,3.1415926535897931e+00,3.1424500000000000e+02,4.0950000000000006e+00,3.1338408708775862e+00,4.0424500000000000e+02,3.9049999999999998e+00,3.1415926535897931e+00,4.8722880000000066e+02,8.0250000000000004e+00,3.1415926535897931e+00,6.0568500000000301e+02,4.8050000000000006e+00,3.1415926535897931e+00,0.0,0.0,398.69049016336675,8.274877866217611
0.32,3.2742000000000002e+02,8.1950000000000003e+00,3.1415926535897931e+00,3.1295500000000004e+02,4.1050000000000004e+00,3.1415926535897931e+00,4.0286500000000001e+02,3.9049999999999998e+00,3.1415926535897931e+00,4.8606240000000065e+02,8.0250000000000004e+00,3.1415926535897931e+00,6.0409180000000299e+02,4.8050000000000006e+00,3.1415926535897931e+00,0.0,0.0,397.31250523967924,8.271471518180853
0.36,3.2641000000000003e+02,8.1950000000000003e+00,3.1415926535897931e+00,3.1166500000000002e+02,4.1050000000000004e+00,3.1415926535897931e+00,4.0147499999999997e+02,3.9049999999999998e+00,3.1415926535897931e+00,4.8489600000000064e+02,8.0250000000000004e+00,3.1415926535897931e+00,6.0249860000000297e+02,4.8050000000000006e+00,3.1415926535897931e+00,0.0,0.0,395.9342903120953,8.26757133618427
0.4,3.2539999999999998e+02,8.1950000000000003e+00,3.1415926535897931e+00,3.1037500000000000e+02,4.1050000000000004e+00,3.1415926535897931e+00,4.0008499999999998e+02,3.9049999999999998e+00,-3.1344499179203797e+00,4.8372960000000063e+02,8.0250000000000004e+00,3.1415926535897931e+00,6.0090540000000294e+02,4.8050000000000006e+00,3.1415926535897931e+00,0.0,0.0,394.555835460862,8.263163765388654
0.44,3.2438999999999999e+02,8.1950000000000003e+00,3.1415926535897931e+00,3.0909500000000003e+02,4.1050000000000004e+00,3.1338408708775867e+00,3.9868500000000000e+02,3.8950000000000000e+00,3.1415926535897931e+00,4.8256320000000062e+02,8.0250000000000004e+00,3.1415926535897931e+00,5.9931220000000292e+02,4.8050000000000006e+00,3.1415926535897931e+00,0.0,0.0,393.1771412421956,8.258254233247875
0.48,3.2338000000000000e+02,8.1950000000000003e+00,3.1415926535897931e+00,3.0780500000000001e+02,4.1150000000000002e+00,3.1415926535897931e+00,3.9730500000000001e+02,3.8950000000000000e+00,3.1415926535897931e+00,4.8139680000000061e+02,8.0250000000000004e+00,3.1415926535897931e+00,5.9771900000000289e+02,4.8050000000000006e+00,3.1415926535897931e+00,0.0,0.0,391.79820822051954,8.252843674040943
0.52,3.2237000000000000e+02,8.1950000000000003e+00,3.1415926535897931e+00,3.0651500000000004e+02,4.1150000000000002e+00,3.1415926535897931e+00,3.9591499999999996e+02,3.8950000000000000e+00,-3.1345005739154734e+00,4.8023040000000060e+02,8.0250000000000004e+00,3.1415926535897931e+00,5.9612580000000287e+02,4.8050000000000006e+00,3.1415926535897931e+00,0.0,0.0,390.4190367183164,8.246930059067246
0.56,3.2136000000000001e+02,8.1950000000000003e+00,3.1415926535897931e+00,3.0522500000000002e+02,4.1150000000000002e+00,3.1415926535897931e+00,3.9450500000000000e+02,3.8850000000000002e+00,3.1415926535897931e+00,4.7906400000000059e+02,8.0250000000000004e+00,3.1415926535897931e+00,5.9453260000000284e+02,4.8050000000000006e+00,3.1415926535897931e+00,0.0,0.0,389.03961653199775,8.240498492961217
0.6,3.2037000000000000e+02,8.1950000000000003e+00,3.1415926535897931e+00,3.0394500000000005e+02,4.1150000000000002e+00,3.1337803125296926e+00,3.9311500000000001e+02,3.8850000000000002e+00,3.1415926535897931e+00,4.7789760000000058e+02,8.0250000000000004e+00,3.1415926535897931e+00,5.9293940000000282e+02,4.8050000000000006e+00,3.1415926535897931e+00,0.0,0.0,387.6599481477875,8.233559702089886
0.64,3.1937000000000000e+02,8.1950000000000003e+00,3.1415926535897931e+00,3.0266500000000002e+02,4.1250000000000000e+00,3.1415926535897931e+00,3.9172499999999997e+02,3.8850000000000002e+00,-3.1345005739154734e+00,4.7673120000000057e+02,8.0250000000000004e+00,3.1415926535897931e+00,5.9134620000000280e+02,4.8050000000000006e+00,3.1415926535897931e+00,0.0,0.0,386.2800321112739,8.226120734569143
0.68,3.1835000000000002e+02,8.1950000000000003e+00,3.1415926535897931e+00,3.0137500000000000e+02,4.1250000000000000e+00,3.1415926535897931e+00,3.9031500000000000e+02,3.8750000000000004e+00,3.1415926535897931e+00,4.7556480000000056e+02,8.0250000000000004e+00,3.1415926535897931e+00,5.8975300000000277e+02,4.8050000000000006e+00,3.1415926535897931e+00,0.0,0.0,384.89986900939226,8.218185636986759
0.72,3.1734000000000003e+02,8.1950000000000003e+00,3.1415926535897931e+00,3.0008500000000004e+02,4.1250000000000000e+00,3.1415926535897931e+00,3.8890499999999997e+02,3.8750000000000004e+00,3.1415926535897931e+00,4.7439840000000055e+02,8.0250000000000004e+00,3.1415926535897931e+00,5.8815980000000275e+02,4.8050000000000006e+00,3.1415926535897931e+00,0.0,0.0,383.51944773286914,8.209728252984045
0.76,3.1634000000000003e+02,8.1950000000000003e+00,3.1415926535897931e+00,2.9880500000000001e+02,4.1250000000000000e+00,3.1415926535897931e+00,3.8749500000000000e+02,3.8750000000000004e+00,3.1415926535897931e+00,4.7323200000000054e+02,8.0250000000000004e+00,3.1415926535897931e+00,5.8656660000000272e+02,4.8050000000000006e+00,3.1415926535897931e+00,0.0,0.0,382.1387688730257,8.200764600230134
0.8,3.1531999999999999e+02,8.1950000000000003e+00,3.1415926535897931e+00,2.9751500000000004e+02,4.1250000000000000e+00,3.1337803125296926e+00,3.8608499999999998e+02,3.8750000000000004e+00,-3.1344499179203797e+00,4.7206560000000053e+02,8.0250000000000004e+00,3.1415926535897931e+00,5.8497340000000270e+02,4.8050000000000006e+00,3.1415926535897931e+00,0.0,0.0,380.7578328946057,8.191307640590185
0.84,3.1431999999999999e+02,8.1950000000000003e+00,3.1415926535897931e+00,2.9623500000000001e+02,4.1349999999999998e+00,3.1415926535897931e+00,3.8468500000000000e+02,3.8650000000000007e+00,3.1415926535897931e+00,4.7089920000000052e+02,8.0250000000000004e+00,3.1415926535897931e+00,5.8338020000000267e+02,4.8050000000000006e+00,3.1415926535897931e+00,0.0,0.0,379.3766403190083,8.18136745895696
0.88,3.1330000000000001e+02,8.1950000000000003e+00,3.1415926535897931e+00,2.9495500000000004e+02,4.1349999999999998e+00,3.1415926535897931e+00,3.8326499999999999e+02,3.8650000000000007e+00,3.1415926535897931e+00,4.6973280000000051e+02,8.0250000000000004e+00,3.1415926535897931e+00,5.8178700000000265e+02,4.8050000000000006e+00,3.1415926535897931e+00,0.0,0.0,377.9951794343914,8.170922210224163
0.92,3.1229000000000002e+02,8.1950000000000003e+00,3.1415926535897931e+00,2.9368500000000000e+02,4.1349999999999998e+00,3.1415926535897931e+00,3.8187500000000000e+02,3.8650000000000007e+00,3.1415926535897931e+00,4.6856640000000050e+02,8.0250000000000004e+00,3.1415926535897931e+00,5.8019380000000262e+02,4.8050000000000006e+00,3.1415926535897931e+00,0.0,0.0,376.61345046446075,8.159979034014965
0.96,3.1128000000000003e+02,8.1950000000000003e+00,3.1415926535897931e+00,2.9241500000000002e+02,4.1349999999999998e+00,3.1415926535897931e+00,3.8048500000000001e+02,3.8650000000000007e+00,-3.1343985330995001e+00,4.6740000000000049e+02,8.0250000000000004e+00,3.1415926535897931e+00,5.7860060000000260e+02,4.8050000000000006e+00,3.1415926535897931e+00,0.0,0.0,375.2314542524687,8.148554637983011
1.0,3.1028000000000003e+02,8.1950000000000003e+00,3.1415926535897931e+00,2.9114500000000004e+02,4.1349999999999998e+00,3.1337188005656933e+00,3.7909499999999997e+02,3.8549999999999991e+00,3.1415926535897931e+00,4.6623360000000048e+02,8.0250000000000004e+00,3.1415926535897931e+00,5.7700740000000258e+02,4.8050000000000006e+00,3.1415926535897931e+00,0.0,0.0,373.8491911184598,8.13666527808187
1.04,3.0928000000000003e+02,8.1950000000000003e+00,3.1415926535897931e+00,2.8987500000000000e+02,4.1449999999999996e+00,3.1415926535897931e+00,3.7771499999999997e+02,3.8549999999999991e+00,3.1415926535897931e+00,4.6506720000000047e+02,8.0250000000000004e+00,3.1415926535897931e+00,5.7541420000000255e+02,4.8050000000000006e+00,3.1415926535897931e+00,0.0,0.0,372.4666485307004,8.124294502850628
1.08,3.0828000000000003e+02,8.1950000000000003e+00,3.1415926535897931e+00,2.8859500000000003e+02,4.1449999999999996e+00,3.1415926535897931e+00,3.7631500000000000e+02,3.8549999999999991e+00,3.1415926535897931e+00,4.6390080000000046e+02,8.0250000000000004e+00,3.1415926535897931e+00,5.7382100000000253e+02,4.8050000000000006e+00,3.1415926535897931e+00,0.0,0.0,371.0838270351178,8.111455780047024
1.12,3.0728000000000003e+02,8.1950000000000003e+00,3.1415926535897931e+00,2.8732500000000005e+02,4.1449999999999996e+00,3.1415926535897931e+00,3.7492500000000001e+02,3.8549999999999991e+00,3.1415926535897931e+00,4.6273440000000045e+02,8.0250000000000004e+00,3.1415926535897931e+00,5.7222780000000250e+02,4.8050000000000006e+00,3.1415926535897931e+00,0.0,0.0,369.7007272622604,8.098160657520017
1.16,3.0626999999999998e+02,8.1950000000000003e+00,3.1415926535897931e+00,2.8606500000000000e+02,4.1449999999999996e+00,3.1415926535897931e+00,3.7353499999999997e+02,3.8549999999999991e+00,-3.1344499179203797e+00,4.6156800000000044e+02,8.0250000000000004e+00,3.1415926535897931e+00,5.7063460000000248e+02,4.8050000000000006e+00,3.1415926535897931e+00,0.0,0.0,368.3173356564935,8.084390077669372
1.2,3.0525000000000000e+02,8.1950000000000003e+00,3.1415926535897931e+00,2.8479500000000002e+02,4.1449999999999996e+00,3.1415926535897931e+00,3.7213499999999999e+02,3.8449999999999993e+00,3.1415926535897931e+00,4.6040160000000043e+02,8.0250000000000004e+00,3.1415926535897931e+00,5.6904140000000245e+02,4.8050000000000006e+00,3.1415926535897931e+00,0.0,0.0,366.93365285177975,8.070166695913562
1.24,3.0425000000000000e+02,8.1950000000000003e+00,3.1415926535897931e+00,2.8353500000000003e+02,4.1449999999999996e+00,3.1415926535897931e+00,3.7073500000000001e+02,3.8449999999999993e+00,3.1415926535897931e+00,4.5923520000000042e+02,8.0250000000000004e+00,3.1415926535897931e+00,5.6744820000000243e+02,4.8050000000000006e+00,3.1415926535897931e+00,0.0,0.0,365.54967919375605,8.055510745912441
1.28,3.0325000000000000e+02,8.1950000000000003e+00,3.1415926535897931e+00,2.8226500000000004e+02,4.1449999999999996e+00,3.1415926535897931e+00,3.6933499999999998e+02,3.8449999999999993e+00,3.1415926535897931e+00,4.5806880000000041e+02,8.0250000000000004e+00,3.1415926535897931e+00,5.6585500000000241e+02,4.8050000000000006e+00,3.1415926535897931e+00,0.0,0.0,364.1654151774301,8.040440319620444
1.32,3.0224000000000001e+02,8.1950000000000003e+00,3.1415926535897931e+00,2.8100500000000000e+02,4.1449999999999996e+00,3.1337188005656929e+00,3.6794499999999999e+02,3.8449999999999993e+00,3.1415926535897931e+00,4.5690240000000040e+02,8.0250000000000004e+00,3.1415926535897931e+00,5.6426180000000238e+02,4.8050000000000006e+00,3.1415926535897931e+00,0.0,0.0,362.7808462952853,8.024940307565982
1.36,3.0124000000000001e+02,8.1950000000000003e+00,3.1415926535897931e+00,2.7973500000000001e+02,4.1549999999999994e+00,3.1415926535897931e+00,3.6653499999999997e+02,3.8449999999999993e+00,3.1415926535897931e+00,4.5573600000000039e+02,8.0250000000000004e+00,3.1415926535897931e+00,5.6266860000000236e+02,4.8050000000000006e+00,3.1415926535897931e+00,0.0,0.0,361.3959732259431,8.00902695418326
1.4,3.0023000000000002e+02,8.1950000000000003e+00,3.1415926535897931e+00,2.7845500000000004e+02,4.1549999999999994e+00,3.1415926535897931e+00,3.6513499999999999e+02,3.8449999999999993e+00,-3.1344499179203797e+00,4.5456960000000038e+02,8.0250000000000004e+00,3.1415926535897931e+00,5.6107540000000233e+02,4.8050000000000006e+00,3.1415926535897931e+00,0.0,0.0,360.0107964195697,7.9927152390638465
1.44,2.9923000000000002e+02,8.1950000000000003e+00,3.1415926535897931e+00,2.7719500000000005e+02,4.1549999999999994e+00,3.1415926535897931e+00,3.6373500000000001e+02,3.8349999999999995e+00,3.1415926535897931e+00,4.5340320000000037e+02,8.0250000000000004e+00,3.1415926535897931e+00,5.5948220000000231e+02,4.8050000000000006e+00,3.1415926535897931e+00,0.0,0.0,358.62531641654215,7.976030359188809
1.48,2.9822000000000003e+02,8.1950000000000003e+00,3.1415926535897931e+00,2.7591500000000002e+02,4.1549999999999994e+00,3.1415926535897931e+00,3.6233499999999998e+02,3.8349999999999995e+00,3.1415926535897931e+00,4.5223680000000036e+02,8.0250000000000004e+00,3.1415926535897931e+00,5.5788900000000228e+02,4.8050000000000006e+00,3.1415926535897931e+00,0.0,0.0,357.2395174562978,7.958965178681823
1.52,2.9723000000000002e+02,8.1950000000000003e+00,3.1315929869031280e+00,2.7464500000000004e+02,4.1549999999999994e+00,3.1415926535897931e+00,3.6094499999999999e+02,3.8349999999999995e+00,3.1415926535897931e+00,4.5107040000000035e+02,8.0250000000000004e+00,3.1415926535897931e+00,5.5629580000000226e+02,4.8050000000000006e+00,3.1415926535897931e+00,0.0,0.0,355.8534000819611,7.941543044293458
1.56,2.9623000000000002e+02,8.2050000000000001e+00,3.1415926535897931e+00,2.7337500000000000e+02,4.1549999999999994e+00,3.1415926535897931e+00,3.5955500000000001e+02,3.8349999999999995e+00,3.1415926535897931e+00,4.4990400000000034e+02,8.0250000000000004e+00,3.1415926535897931e+00,5.5470260000000223e+02,4.8050000000000006e+00,3.1415926535897931e+00,0.0,0.0,354.46696472483154,7.923785132171697
1.6,2.9523000000000002e+02,8.2050000000000001e+00,3.1415926535897931e+00,2.7210500000000002e+02,4.1549999999999994e+00,3.1415926535897931e+00,3.5817500000000001e+02,3.8349999999999995e+00,3.1415926535897931e+00,4.4873760000000033e+02,8.0250000000000004e+00,3.1415926535897931e+00,5.5310940000000221e+02,4.8050000000000006e+00,3.1415926535897931e+00,0.0,0.0,353.0802118885847,7.905710684084645
1.64,2.9424000000000001e+02,8.2050000000000001e+00,3.1415926535897931e+00,2.7084500000000003e+02,4.1549999999999994e+00,3.1415926535897931e+00,3.5678499999999997e+02,3.8349999999999995e+00,3.1415926535897931e+00,4.4757120000000032e+02,8.0250000000000004e+00,3.1415926535897931e+00,5.5151620000000219e+02,4.8050000000000006e+00,3.1415926535897931e+00,0.0,0.0,351.69312497768254,7.887308071027509
1.68,2.9324000000000001e+02,8.2050000000000001e+00,3.1415926535897931e+00,2.6956500000000000e+02,4.1549999999999994e+00,-3.1336563122823273e+00,3.5539499999999998e+02,3.8349999999999995e+00,3.1415926535897931e+00,4.4640480000000031e+02,8.0250000000000004e+00,3.1415926535897931e+00,5.4992300000000216e+02,4.8050000000000006e+00,3.1415926535897931e+00,0.0,0.0,350.3057044158645,7.868594920169091
1.72,2.9224000000000001e+02,8.2050000000000001e+00,3.1415926535897931e+00,2.6830500000000001e+02,4.1449999999999996e+00,3.1415926535897931e+00,3.5400500000000000e+02,3.8349999999999995e+00,3.1415926535897931e+00,4.4523840000000030e+02,8.0250000000000004e+00,3.1415926535897931e+00,5.4832980000000214e+02,4.8050000000000006e+00,3.1415926535897931e+00,0.0,0.0,348.91795076975706,7.8495996406651285
1.76,2.9124000000000001e+02,8.2050000000000001e+00,3.1415926535897931e+00,2.6702500000000003e+02,4.1449999999999996e+00,3.1415926535897931e+00,3.5260499999999996e+02,3.8349999999999995e+00,3.1415926535897931e+00,4.4407200000000029e+02,8.0250000000000004e+00,3.1415926535897931e+00,5.4673660000000211e+02,4.8050000000000006e+00,3.1415926535897931e+00,0.0,0.0,347.5298456800126,7.830321505635901
1.8,2.9024000000000001e+02,8.2050000000000001e+00,3.1415926535897931e+00,2.6576500000000004e+02,4.1449999999999996e+00,3.1415926535897931e+00,3.5121499999999997e+02,3.8349999999999995e+00,3.1415926535897931e+00,4.4290560000000028e+02,8.0250000000000004e+00,3.1415926535897931e+00,5.4514340000000209e+02,4.8050000000000006e+00,3.1415926535897931e+00,0.0,0.0,346.14138964289,7.810788106488317
1.84,2.8925000000000000e+02,8.2050000000000001e+00,3.1415926535897931e+00,2.6450500000000000e+02,4.1449999999999996e+00,3.1415926535897931e+00,3.4982499999999999e+02,3.8349999999999995e+00,3.1415926535897931e+00,4.4173920000000027e+02,8.0250000000000004e+00,3.1415926535897931e+00,5.4355020000000206e+02,4.8050000000000006e+00,3.1415926535897931e+00,0.0,0.0,344.75258317409697,7.791024548225255
1.88,2.8825999999999999e+02,8.2050000000000001e+00,3.1415926535897931e+00,2.6325500000000000e+02,4.1449999999999996e+00,3.1415926535897931e+00,3.4842500000000001e+02,3.8349999999999995e+00,3.1415926535897931e+00,4.4057280000000026e+02,8.0250000000000004e+00,3.1415926535897931e+00,5.4195700000000204e+02,4.8050000000000006e+00,3.1415926535897931e+00,0.0,0.0,343.36342680444244,7.771053640428075
1.92,2.8725999999999999e+02,8.2050000000000001e+00,3.1415926535897931e+00,2.6199500000000000e+02,4.1449999999999996e+00,3.1415926535897931e+00,3.4702499999999998e+02,3.8349999999999995e+00,3.1415926535897931e+00,4.3940640000000025e+02,8.0250000000000004e+00,3.1415926535897931e+00,5.4036380000000202e+02,4.8050000000000006e+00,3.1415926535897931e+00,0.0,0.0,341.9739009123766,7.750871465057344
1.96,2.8626999999999998e+02,8.2050000000000001e+00,3.1415926535897931e+00,2.6075500000000000e+02,4.1449999999999996e+00,3.1415926535897931e+00,3.4563499999999999e+02,3.8349999999999995e+00,3.1415926535897931e+00,4.3824000000000024e+02,8.0250000000000004e+00,3.1415926535897931e+00,5.3877060000000199e+02,4.8050000000000006e+00,3.1415926535897931e+00,0.0,0.0,340.58400618196254,7.730498970967926
2.0,2.8526999999999998e+02,8.2050000000000001e+00,3.1415926535897931e+00,2.5949500000000000e+02,4.1449999999999996e+00,-3.1335928242499067e+00,3.4423500000000001e+02,3.8349999999999995e+00,3.1415926535897931e+00,4.3707360000000023e+02,8.0250000000000004e+00,3.1415926535897931e+00,5.3717740000000197e+02,4.8050000000000006e+00,3.1415926535897931e+00,0.0,0.0,339.19374328100014,7.709954786760209
2.04,2.8428000000000003e+02,8.2050000000000001e+00,3.1415926535897931e+00,2.5824500000000000e+02,4.1349999999999998e+00,3.1415926535897931e+00,3.4284499999999997e+02,3.8349999999999995e+00,3.1415926535897931e+00,4.3590720000000022e+02,8.0250000000000004e+00,3.1415926535897931e+00,5.3558420000000194e+02,4.8050000000000006e+00,3.1415926535897931e+00,0.0,0.0,337.8031128573584,7.6892582932134825
2.08,2.8326999999999998e+02,8.2050000000000001e+00,3.1415926535897931e+00,2.5699500000000000e+02,4.1349999999999998e+00,3.1415926535897931e+00,3.4144499999999999e+02,3.8349999999999995e+00,3.1415926535897931e+00,4.3474080000000021e+02,8.0250000000000004e+00,3.1415926535897931e+00,5.3399100000000192e+02,4.8050000000000006e+00,3.1415926535897931e+00,0.0,0.0,336.41209370024694,7.668417559630966
2.12,2.8228000000000003e+02,8.2050000000000001e+00,3.1415926535897931e+00,2.5574500000000000e+02,4.1349999999999998e+00,3.1415926535897931e+00,3.4004500000000002e+02,3.8349999999999995e+00,3.1415926535897931e+00,4.3357440000000020e+02,8.0250000000000004e+00,3.1415926535897931e+00,5.3239780000000189e+02,4.8050000000000006e+00,3.1415926535897931e+00,0.0,0.0,335.0206862932109,7.647462627231984
2.16,2.8128000000000003e+02,8.2050000000000001e+00,3.1314919870044715e+00,2.5448499999999999e+02,4.1349999999999998e+00,-3.1336563122823273e+00,3.3864499999999998e+02,3.8349999999999995e+00,3.1415926535897931e+00,4.3240800000000019e+02,8.0250000000000004e+00,3.1415926535897931e+00,5.3080460000000187e+02,4.8050000000000006e+00,3.1415926535897931e+00,0.0,0.0,333.6288912511547,7.626420867736723
2.2,2.8029000000000002e+02,8.2149999999999999e+00,3.1415926535897931e+00,2.5322499999999999e+02,4.1250000000000000e+00,3.1415926535897931e+00,3.3724500000000000e+02,3.8349999999999995e+00,3.1415926535897931e+00,4.3124160000000018e+02,8.0250000000000004e+00,3.1415926535897931e+00,5.2921140000000185e+02,4.8050000000000006e+00,3.1415926535897931e+00,0.0,0.0,332.2366854711951,7.605299790994354
2.24,2.7930000000000001e+02,8.2149999999999999e+00,3.1415926535897931e+00,2.5196500000000000e+02,4.1250000000000000e+00,3.1415926535897931e+00,3.3583499999999998e+02,3.8349999999999995e+00,3.1415926535897931e+00,4.3007520000000017e+02,8.0250000000000004e+00,3.1415926535897931e+00,5.2761820000000182e+02,4.8050000000000006e+00,3.1415926535897931e+00,0.0,0.0,330.8440697519307,7.58412462884991
2.28,2.7831000000000000e+02,8.2149999999999999e+00,3.1415926535897931e+00,2.5069499999999999e+02,4.1250000000000000e+00,-3.1337188005656929e+00,3.3442500000000001e+02,3.8349999999999995e+00,3.1415926535897931e+00,4.2890880000000016e+02,8.0250000000000004e+00,3.1415926535897931e+00,5.2602500000000180e+02,4.8050000000000006e+00,3.1415926535897931e+00,0.0,0.0,329.45104489138356,7.562918067976237
2.32,2.7731999999999999e+02,8.2149999999999999e+00,3.1415926535897931e+00,2.4942499999999998e+02,4.1150000000000002e+00,3.1415926535897931e+00,3.3302499999999998e+02,3.8349999999999995e+00,3.1415926535897931e+00,4.2774240000000015e+02,8.0250000000000004e+00,3.1415926535897931e+00,5.2443180000000177e+02,4.8050000000000006e+00,3.1415926535897931e+00,0.0,0.0,328.05761171987115,7.541700150750101
2.36,2.7632999999999998e+02,8.2149999999999999e+00,3.1415926535897931e+00,2.4816499999999999e+02,4.1150000000000002e+00,-3.1336563122823273e+00,3.3162500000000000e+02,3.8349999999999995e+00,3.1415926535897931e+00,4.2657600000000014e+02,8.0250000000000004e+00,3.1415926535897931e+00,5.2283860000000175e+02,4.8050000000000006e+00,3.1415926535897931e+00,0.0,0.0,326.66374531184465,7.520476034815548
2.4,2.7532999999999998e+02,8.2149999999999999e+00,3.1415926535897931e+00,2.4690500000000000e+02,4.1050000000000004e+00,3.1415926535897931e+00,3.3021499999999997e+02,3.8349999999999995e+00,3.1415926535897931e+00,4.2540960000000013e+02,8.0250000000000004e+00,3.1415926535897931e+00,5.2124540000000172e+02,4.8050000000000006e+00,3.1415926535897931e+00,0.0,0.0,325.2694466840526,7.499263264008857
2.44,2.7434000000000003e+02,8.2149999999999999e+00,3.1314919870044715e+00,2.4564499999999998e+02,4.1050000000000004e+00,3.1415926535897931e+00,3.2881500000000000e+02,3.8349999999999995e+00,3.1415926535897931e+00,4.2424320000000012e+02,8.0250000000000004e+00,3.1415926535897931e+00,5.1965220000000170e+02,4.8050000000000006e+00,3.1415926535897931e+00,0.0,0.0,323.87471688658945,7.4780769492470665
2.48,2.7335000000000002e+02,8.2249999999999996e+00,3.1415926535897931e+00,2.4438499999999999e+02,4.1050000000000004e+00,-3.1336563122823273e+00,3.2739499999999998e+02,3.8349999999999995e+00,3.1344499179203797e+00,4.2307680000000011e+02,8.0250000000000004e+00,3.1415926535897931e+00,5.1805900000000167e+02,4.8050000000000006e+00,3.1415926535897931e+00,0.0,0.0,322.4795570002704,7.456929950352807
2.52,2.7237000000000000e+02,8.2249999999999996e+00,3.1415926535897931e+00,2.4312500000000000e+02,4.0950000000000006e+00,3.1415926535897931e+00,3.2599500000000000e+02,3.8449999999999993e+00,3.1415926535897931e+00,4.2191040000000010e+02,8.0250000000000004e+00,3.1415926535897931e+00,5.1646580000000165e+02,4.8050000000000006e+00,3.1415926535897931e+00,0.0,0.0,321.0839400567948,7.43582388110975
2.56,2.7138000000000000e+02,8.2249999999999996e+00,3.1415926535897931e+00,2.4186499999999998e+02,4.0950000000000006e+00,-3.1336563122823273e+00,3.2458499999999998e+02,3.8449999999999993e+00,3.1415926535897931e+00,4.2074400000000009e+02,8.0250000000000004e+00,3.1415926535897931e+00,5.1487260000000163e+02,4.8050000000000006e+00,3.1415926535897931e+00,0.0,0.0,319.6878673389059,7.414769303349702
2.6,2.7038999999999999e+02,8.2249999999999996e+00,3.1415926535897931e+00,2.4060499999999999e+02,4.0850000000000009e+00,3.1415926535897931e+00,3.2318500000000000e+02,3.8449999999999993e+00,3.1415926535897931e+00,4.1957760000000007e+02,8.0250000000000004e+00,3.1415926535897931e+00,5.1327940000000160e+02,4.8050000000000006e+00,3.1415926535897931e+00,0.0,0.0,318.2913401540283,7.393774942950563
2.64,2.6941000000000003e+02,8.2249999999999996e+00,3.1313889260958394e+00,2.3934500000000000e+02,4.0850000000000009e+00,3.1415926535897931e+00,3.2178499999999997e+02,3.8449999999999993e+00,3.1415926535897931e+00,4.1841120000000006e+02,8.0250000000000004e+00,3.1415926535897931e+00,5.1168620000000163e+02,4.8050000000000006e+00,3.1415926535897931e+00,0.0,0.0,316.8943289033243,7.372855886361558
2.68,2.6843000000000001e+02,8.2349999999999994e+00,3.1415926535897931e+00,2.3809500000000000e+02,4.0850000000000009e+00,-3.1336563122823260e+00,3.2039499999999998e+02,3.8449999999999993e+00,3.1415926535897931e+00,4.1724480000000005e+02,8.0250000000000004e+00,3.1415926535897931e+00,5.1009300000000161e+02,4.8050000000000006e+00,3.1415926535897931e+00,0.0,0.0,315.49683488206097,7.3520346732659485
2.72,2.6744000000000000e+02,8.2349999999999994e+00,3.1415926535897931e+00,2.3683500000000001e+02,4.0749999999999993e+00,3.1415926535897931e+00,3.1899500000000000e+02,3.8449999999999993e+00,3.1345005739154739e+00,4.1607840000000004e+02,8.0250000000000004e+00,3.1415926535897931e+00,5.0849980000000158e+02,4.8050000000000006e+00,3.1415926535897931e+00,0.0,0.0,314.0988594303303,7.3313308211858805
2.76,2.6645999999999998e+02,8.2349999999999994e+00,3.1415926535897931e+00,2.3557499999999999e+02,4.0749999999999993e+00,3.1415926535897931e+00,3.1758499999999998e+02,3.8549999999999991e+00,3.1415926535897931e+00,4.1491200000000003e+02,8.0250000000000004e+00,3.1415926535897931e+00,5.0690660000000156e+02,4.8050000000000006e+00,3.1415926535897931e+00,0.0,0.0,312.7004038611672,7.310760932316415
2.8,2.6547000000000003e+02,8.2349999999999994e+00,3.1415926535897931e+00,2.3432499999999999e+02,4.0749999999999993e+00,3.1415926535897931e+00,3.1618500000000000e+02,3.8549999999999991e+00,3.1415926535897931e+00,4.1374560000000002e+02,8.0250000000000004e+00,3.1415926535897931e+00,5.0531340000000154e+02,4.8050000000000006e+00,3.1415926535897931e+00,0.0,0.0,311.3014360603761,7.290338789236119
2.84,2.6449000000000001e+02,8.2349999999999994e+00,3.1313889260958394e+00,2.3307499999999999e+02,4.0749999999999993e+00,-3.1335928242499067e+00,3.1477499999999998e+02,3.8549999999999991e+00,3.1415926535897931e+00,4.1257920000000001e+02,8.0250000000000004e+00,3.1415926535897931e+00,5.0372020000000151e+02,4.8050000000000006e+00,3.1415926535897931e+00,0.0,0.0,309.90195770402346,7.270076878580315
2.88,2.6350999999999999e+02,8.2449999999999992e+00,3.1415926535897931e+00,2.3182499999999999e+02,4.0649999999999995e+00,3.1415926535897931e+00,3.1336500000000001e+02,3.8549999999999991e+00,3.1345005739154725e+00,4.1141280000000000e+02,8.0250000000000004e+00,3.1415926535897931e+00,5.0212700000000149e+02,4.8050000000000006e+00,3.1415926535897931e+00,0.0,0.0,308.5019705137549,7.249984359373834
2.92,2.6251999999999998e+02,8.2449999999999992e+00,3.1415926535897931e+00,2.3056500000000000e+02,4.0649999999999995e+00,3.1415926535897931e+00,3.1195499999999998e+02,3.8650000000000007e+00,3.1415926535897931e+00,4.1024639999999999e+02,8.0250000000000004e+00,3.1415926535897931e+00,5.0053380000000146e+02,4.8050000000000006e+00,3.1415926535897931e+00,0.0,0.0,307.1014393178266,7.230070358214079
2.96,2.6155000000000001e+02,8.2449999999999992e+00,3.1415926535897931e+00,2.2931500000000000e+02,4.0649999999999995e+00,3.1415926535897931e+00,3.1055500000000001e+02,3.8650000000000007e+00,3.1415926535897931e+00,4.0907999999999998e+02,8.0250000000000004e+00,3.1415926535897931e+00,4.9894060000000144e+02,4.8050000000000006e+00,3.1415926535897931e+00,0.0,0.0,305.7003662006254,7.210337461554836
3.0,2.6056000000000000e+02,8.2449999999999992e+00,3.1314919870044715e+00,2.2805500000000001e+02,4.0649999999999995e+00,3.1415926535897931e+00,3.0915499999999997e+02,3.8650000000000007e+00,3.1415926535897931e+00,4.0799000000000001e+02,8.0250000000000004e+00,3.1415926535897931e+00,4.9734740000000141e+02,4.8050000000000006e+00,3.1415926535897931e+00,0.0,0.0,304.29875330152873,7.190783799995074
3.04,2.5956999999999999e+02,8.2549999999999990e+00,3.1415926535897931e+00,2.2679499999999999e+02,4.0649999999999995e+00,3.1415926535897931e+00,3.0775500000000000e+02,3.8650000000000007e+00,3.1344499179203802e+00,4.0688000000000000e+02,8.0250000000000004e+00,3.1415926535897931e+00,4.9575420000000139e+02,4.8050000000000006e+00,3.1415926535897931e+00,0.0,0.0,302.89660281614186,7.171402785691319
3.08,2.5859000000000003e+02,8.2549999999999990e+00,3.1415926535897931e+00,2.2554499999999999e+02,4.0649999999999995e+00,-3.1336563122823273e+00,3.0635499999999996e+02,3.8750000000000004e+00,3.1415926535897931e+00,4.0574000000000001e+02,8.0250000000000004e+00,3.1415926535897931e+00,4.9416100000000137e+02,4.8050000000000006e+00,3.1415926535897931e+00,0.0,0.0,301.493876495377,7.152186273462056
3.12,2.5761000000000001e+02,8.2549999999999990e+00,3.1415926535897931e+00,2.2428500000000000e+02,4.0549999999999997e+00,3.1415926535897931e+00,3.0495499999999998e+02,3.8750000000000004e+00,3.1415926535897931e+00,4.0457999999999998e+02,8.0250000000000004e+00,3.1415926535897931e+00,4.9256780000000134e+02,4.8050000000000006e+00,3.1415926535897931e+00,0.0,0.0,300.0905769930995,7.133116462667976
3.16,2.5663000000000000e+02,8.2549999999999990e+00,3.1415926535897931e+00,2.2302500000000001e+02,4.0549999999999997e+00,3.1415926535897931e+00,3.0355500000000001e+02,3.8750000000000004e+00,3.1415926535897931e+00,4.0342000000000002e+02,8.0250000000000004e+00,3.1415926535897931e+00,4.9097460000000132e+02,4.8050000000000006e+00,3.1415926535897931e+00,0.0,0.0,298.6867070156669,7.114170598836148
3.2,2.5564000000000001e+02,8.2549999999999990e+00,3.1415926535897931e+00,2.2177500000000001e+02,4.0549999999999997e+00,3.1415926535897931e+00,3.0215499999999997e+02,3.8750000000000004e+00,3.1344499179203797e+00,4.0225000000000000e+02,8.0250000000000004e+00,3.1330458531571819e+00,4.8938140000000129e+02,4.8050000000000006e+00,3.1415926535897931e+00,0.0,0.0,297.28222468221855,7.095318314984595
3.24,2.5466000000000000e+02,8.2549999999999990e+00,3.1313889260958372e+00,2.2051499999999999e+02,4.0549999999999997e+00,3.1415926535897931e+00,3.0075500000000000e+02,3.8850000000000002e+00,3.1415926535897931e+00,4.0107999999999998e+02,8.0350000000000001e+00,3.1415926535897931e+00,4.8778820000000127e+02,4.8050000000000006e+00,3.1415926535897931e+00,0.0,0.0,295.8771331889929,7.076526687365062
3.28,2.5368000000000001e+02,8.2650000000000006e+00,3.1415926535897931e+00,2.1925500000000000e+02,4.0549999999999997e+00,3.1415926535897931e+00,2.9936500000000001e+02,3.8850000000000002e+00,3.1415926535897931e+00,3.9992000000000002e+02,8.0350000000000001e+00,3.1415926535897931e+00,4.8619500000000124e+02,4.8050000000000006e+00,3.1415926535897931e+00,0.0,0.0,294.47142747364154,7.058390293134229
3.32,2.5270000000000002e+02,8.2650000000000006e+00,3.1415926535897931e+00,2.1799500000000000e+02,4.0549999999999997e+00,3.1415926535897931e+00,2.9797499999999997e+02,3.8850000000000002e+00,3.1344499179203797e+00,3.9875999999999999e+02,8.0350000000000001e+00,3.1415926535897931e+00,4.8460180000000122e+02,4.8050000000000006e+00,3.1415926535897931e+00,0.0,0.0,293.0650615772229,7.040867768845471
3.36,2.5172000000000000e+02,8.2650000000000006e+00,3.1415926535897931e+00,2.1673499999999999e+02,4.0549999999999997e+00,3.1415926535897931e+00,2.9657499999999999e+02,3.8950000000000000e+00,3.1415926535897931e+00,3.9758999999999997e+02,8.0350000000000001e+00,3.1328972205780148e+00,4.8300860000000119e+02,4.8050000000000006e+00,3.1415926535897931e+00,0.0,0.0,291.6580401697072,7.023856618949098
3.4,2.5074000000000001e+02,8.2650000000000006e+00,3.1415926535897931e+00,2.1548499999999999e+02,4.0549999999999997e+00,3.1415926535897931e+00,2.9517500000000001e+02,3.8950000000000000e+00,3.1345005739154739e+00,3.9644000000000000e+02,8.0449999999999999e+00,3.1415926535897931e+00,4.8141540000000117e+02,4.8050000000000006e+00,3.1415926535897931e+00,0.0,0.0,290.2503676949453,7.00726329587433
3.44,2.4975999999999999e+02,8.2650000000000006e+00,3.1415926535897931e+00,2.1423499999999999e+02,4.0549999999999997e+00,3.1415926535897931e+00,2.9376499999999999e+02,3.9049999999999998e+00,3.1415926535897931e+00,3.9526999999999998e+02,8.0449999999999999e+00,3.1330458531571819e+00,4.7982220000000115e+02,4.8050000000000006e+00,3.1415926535897931e+00,0.0,0.0,288.8420483040426,6.99100362317626
3.48,2.4878999999999999e+02,8.2650000000000006e+00,3.1415926535897931e+00,2.1298499999999999e+02,4.0549999999999997e+00,3.1415926535897931e+00,2.9236500000000001e+02,3.9049999999999998e+00,3.1415926535897931e+00,3.9409999999999997e+02,8.0549999999999997e+00,3.1415926535897931e+00,4.7822900000000112e+02,4.8050000000000006e+00,3.1415926535897931e+00,0.0,0.0,287.43303097542986,6.975033270596877
3.52,2.4781000000000000e+02,8.2650000000000006e+00,3.1415926535897931e+00,2.1173499999999999e+02,4.0549999999999997e+00,3.1335928242499067e+00,2.9096499999999997e+02,3.9049999999999998e+00,3.1343985330995014e+00,3.9294000000000000e+02,8.0549999999999997e+00,3.1415926535897931e+00,4.7663580000000110e+02,4.8050000000000006e+00,3.1415926535897931e+00,0.0,0.0,286.023320139718,6.959292188001045
3.56,2.4683000000000001e+02,8.2650000000000006e+00,3.1415926535897931e+00,2.1048499999999999e+02,4.0649999999999995e+00,3.1415926535897931e+00,2.8957499999999999e+02,3.9149999999999996e+00,3.1415926535897931e+00,3.9176999999999998e+02,8.0549999999999997e+00,3.1328972205780130e+00,4.7504260000000107e+02,4.8050000000000006e+00,3.1415926535897931e+00,0.0,0.0,284.612919711885,6.943757897025971
3.6,2.4586000000000001e+02,8.2650000000000006e+00,3.1415926535897931e+00,2.0922499999999999e+02,4.0649999999999995e+00,3.1415926535897931e+00,2.8816499999999996e+02,3.9149999999999996e+00,3.1415926535897931e+00,3.9062000000000000e+02,8.0650000000000013e+00,3.1415926535897931e+00,4.7344940000000105e+02,4.8050000000000006e+00,3.1415926535897931e+00,0.0,0.0,283.2017717691185,6.928472665928009
3.64,2.4488000000000000e+02,8.2650000000000006e+00,3.1415926535897931e+00,2.0796500000000000e+02,4.0649999999999995e+00,3.1415926535897931e+00,2.8676499999999999e+02,3.9149999999999996e+00,3.1344499179203797e+00,3.8945999999999998e+02,8.0650000000000013e+00,3.1328972205780148e+00,4.7185620000000102e+02,4.8050000000000006e+00,3.1415926535897931e+00,0.0,0.0,281.7898800715847,6.913475721480176
3.68,2.4390000000000001e+02,8.2650000000000006e+00,3.1415926535897931e+00,2.0670499999999998e+02,4.0649999999999995e+00,3.1415926535897931e+00,2.8536500000000001e+02,3.9249999999999994e+00,3.1415926535897931e+00,3.8831000000000000e+02,8.0750000000000011e+00,3.1415926535897931e+00,4.7026300000000100e+02,4.8050000000000006e+00,3.1415926535897931e+00,0.0,0.0,280.3772485725732,6.898817271378855
3.72,2.4292000000000002e+02,8.2650000000000006e+00,3.1415926535897931e+00,2.0543500000000000e+02,4.0649999999999995e+00,3.1336563122823273e+00,2.8396499999999997e+02,3.9249999999999994e+00,3.1415926535897931e+00,3.8714999999999998e+02,8.0750000000000011e+00,3.1330458531571814e+00,4.6866980000000098e+02,4.8050000000000006e+00,3.1415926535897931e+00,0.0,0.0,278.9638810681361,6.884552331612159
3.76,2.4194000000000000e+02,8.2650000000000006e+00,3.1415926535897931e+00,2.0417499999999998e+02,4.0749999999999993e+00,3.1415926535897931e+00,2.8256500000000000e+02,3.9249999999999994e+00,3.1344499179203802e+00,3.8598000000000002e+02,8.0850000000000009e+00,3.1415926535897931e+00,4.6707660000000095e+02,4.8050000000000006e+00,3.1415926535897931e+00,0.0,0.0,277.5497144396677,6.870607896846482
3.8,2.4096000000000001e+02,8.2650000000000006e+00,3.1415926535897931e+00,2.0290500000000000e+02,4.0749999999999993e+00,3.1415926535897931e+00,2.8116499999999996e+02,3.9349999999999992e+00,3.1415926535897931e+00,3.8481000000000000e+02,8.0850000000000009e+00,3.1328972205780152e+00,4.6548340000000093e+02,4.8050000000000006e+00,3.1415926535897931e+00,0.0,0.0,276.13475536215793,6.85681334690318
3.84,2.3999000000000001e+02,8.2650000000000006e+00,-3.1313889260958376e+00,2.0165500000000000e+02,4.0749999999999993e+00,3.1415926535897931e+00,2.7977499999999998e+02,3.9349999999999992e+00,3.1415926535897931e+00,3.8365999999999997e+02,8.0950000000000006e+00,3.1415926535897931e+00,4.6389020000000090e+02,4.8050000000000006e+00,3.1415926535897931e+00,0.0,0.0,274.7190102146949,6.843029436726906
3.88,2.3900999999999999e+02,8.2549999999999990e+00,3.1415926535897931e+00,2.0040500000000000e+02,4.0749999999999993e+00,3.1335928242499054e+00,2.7838499999999999e+02,3.9349999999999992e+00,3.1415926535897931e+00,3.8249000000000001e+02,8.0950000000000006e+00,3.1328972205780152e+00,4.6229700000000088e+02,4.8050000000000006e+00,3.1415926535897931e+00,0.0,0.0,273.30240773181407,6.829204202784801
3.92,2.3803999999999999e+02,8.2549999999999990e+00,3.1415926535897931e+00,1.9915500000000000e+02,4.0850000000000009e+00,3.1415926535897931e+00,2.7699500000000000e+02,3.9349999999999992e+00,3.1415926535897931e+00,3.8133999999999997e+02,8.1050000000000004e+00,3.1415926535897931e+00,4.6070380000000085e+02,4.8050000000000006e+00,3.1415926535897931e+00,0.0,0.0,271.88495284997487,6.815439121072865
3.96,2.3706999999999999e+02,8.2549999999999990e+00,3.1415926535897931e+00,1.9789499999999998e+02,4.0850000000000009e+00,3.1415926535897931e+00,2.7558499999999998e+02,3.9349999999999992e+00,3.1343985330995014e+00,3.8019999999999999e+02,8.1050000000000004e+00,3.1330458531571819e+00,4.5911060000000083e+02,4.8050000000000006e+00,3.1415926535897931e+00,0.0,0.0,270.4666499293579,6.801894239324453
4.0,2.3609999999999999e+02,8.2549999999999990e+00,3.1415926535897931e+00,1.9663499999999999e+02,4.0850000000000009e+00,3.1336563122823273e+00,2.7419499999999999e+02,3.9449999999999990e+00,3.1415926535897931e+00,3.7902999999999997e+02,8.1150000000000002e+00,3.1415926535897931e+00,4.5751740000000080e+02,4.8050000000000006e+00,3.1415926535897931e+00,0.0,0.0,269.0474167699068,6.78872406367213
4.04,2.3513000000000000e+02,8.2549999999999990e+00,-3.1312837404435503e+00,1.9537500000000000e+02,4.0950000000000006e+00,3.1415926535897931e+00,2.7279500000000002e+02,3.9449999999999990e+00,3.1415926535897931e+00,3.7788000000000000e+02,8.1150000000000002e+00,3.1328972205780148e+00,4.5592420000000078e+02,4.8050000000000006e+00,3.1415926535897931e+00,0.0,0.0,267.62726309141055,6.775620043839616
4.08,2.3416000000000000e+02,8.2449999999999992e+00,3.1415926535897931e+00,1.9412500000000000e+02,4.0950000000000006e+00,3.1336563122823273e+00,2.7140499999999997e+02,3.9449999999999990e+00,3.1415926535897931e+00,3.7673000000000002e+02,8.1250000000000000e+00,3.1415926535897931e+00,4.5433100000000076e+02,4.8050000000000006e+00,3.1415926535897931e+00,0.0,0.0,266.20619844832834,6.762320035051007
4.12,2.3319000000000000e+02,8.2449999999999992e+00,3.1415926535897931e+00,1.9286499999999998e+02,4.1050000000000004e+00,3.1415926535897931e+00,2.7000500000000000e+02,3.9449999999999990e+00,3.1415926535897931e+00,3.7558999999999997e+02,8.1250000000000000e+00,3.1328209487453504e+00,4.5273780000000073e+02,4.8050000000000006e+00,3.1415926535897931e+00,0.0,0.0,264.78413091539267,6.748851086202914
4.16,2.3223000000000002e+02,8.2449999999999992e+00,3.1415926535897931e+00,1.9160499999999999e+02,4.1050000000000004e+00,3.1336563122823273e+00,2.6861500000000001e+02,3.9449999999999990e+00,3.1415926535897931e+00,3.7444999999999999e+02,8.1349999999999998e+00,3.1415926535897931e+00,4.5114460000000071e+02,4.8050000000000006e+00,3.1415926535897931e+00,0.0,0.0,263.36106575008716,6.735560678076084
4.2,2.3125999999999999e+02,8.2449999999999992e+00,-3.1312837404435503e+00,1.9034500000000000e+02,4.1150000000000002e+00,3.1415926535897931e+00,2.6723500000000001e+02,3.9449999999999990e+00,3.1415926535897931e+00,3.7331000000000000e+02,8.1349999999999998e+00,3.1327433270735359e+00,4.4955140000000068e+02,4.8050000000000006e+00,3.1415926535897931e+00,0.0,0.0,261.9370099044731,6.722632054472458
4.24,2.3028999999999999e+02,8.2349999999999994e+00,3.1415926535897931e+00,1.8909500000000000e+02,4.1150000000000002e+00,3.1336563122823273e+00,2.6583499999999998e+02,3.9449999999999990e+00,3.1415926535897931e+00,3.7218000000000001e+02,8.1449999999999996e+00,3.1415926535897931e+00,4.4795820000000066e+02,4.8050000000000006e+00,3.1415926535897931e+00,0.0,0.0,260.51198211815586,6.708922080654158
4.28,2.2931999999999999e+02,8.2349999999999994e+00,3.1415926535897931e+00,1.8783500000000001e+02,4.1250000000000000e+00,3.1336563122823273e+00,2.6444499999999999e+02,3.9449999999999990e+00,3.1415926535897931e+00,3.7104000000000002e+02,8.1449999999999996e+00,3.1328209487453496e+00,4.4636500000000063e+02,4.8050000000000006e+00,3.1415926535897931e+00,0.0,0.0,259.08587529761786,6.694827748049228
4.32,2.2834000000000000e+02,8.2349999999999994e+00,-3.1312837404435503e+00,1.8657499999999999e+02,4.1349999999999998e+00,3.1415926535897931e+00,2.6304500000000002e+02,3.9449999999999990e+00,3.1415926535897931e+00,3.6989999999999998e+02,8.1550000000000011e+00,3.1415926535897931e+00,4.4477180000000061e+02,4.8050000000000006e+00,3.1415926535897931e+00,0.0,0.0,257.65870356196183,6.679999404755517
4.36,2.2737000000000000e+02,8.2249999999999996e+00,3.1415926535897931e+00,1.8530500000000001e+02,4.1349999999999998e+00,3.1335928242499067e+00,2.6165499999999997e+02,3.9449999999999990e+00,3.1415926535897931e+00,3.6875999999999999e+02,8.1550000000000011e+00,3.1328209487453504e+00,4.4317860000000059e+02,4.8050000000000006e+00,3.1415926535897931e+00,0.0,0.0,256.230479776996,6.664198047106009
4.4,2.2640000000000001e+02,8.2249999999999996e+00,-3.1311763636588239e+00,1.8405500000000001e+02,4.1449999999999996e+00,3.1415926535897931e+00,2.6026499999999999e+02,3.9449999999999990e+00,3.1415926535897931e+00,3.6762000000000000e+02,8.1650000000000009e+00,3.1415926535897931e+00,4.4158540000000056e+02,4.8050000000000006e+00,3.1415926535897931e+00,0.0,0.0,254.80107887419436,6.648042634608808
4.44,2.2544000000000000e+02,8.2149999999999999e+00,3.1415926535897931e+00,1.8281500000000000e+02,4.1449999999999996e+00,3.1336563122823273e+00,2.5887500000000000e+02,3.9449999999999990e+00,3.1415926535897931e+00,3.6648000000000002e+02,8.1650000000000009e+00,3.1328209487453509e+00,4.3999220000000054e+02,4.8050000000000006e+00,3.1415926535897931e+00,0.0,0.0,253.37050983846476,6.63184673552894
4.48,2.2447000000000000e+02,8.2149999999999999e+00,3.1415926535897931e+00,1.8155500000000001e+02,4.1549999999999994e+00,3.1336563122823260e+00,2.5748500000000001e+02,3.9449999999999990e+00,3.1415926535897931e+00,3.6533999999999997e+02,8.1750000000000007e+00,3.1415926535897931e+00,4.3839900000000051e+02,4.8050000000000006e+00,3.1415926535897931e+00,0.0,0.0,251.93879188493707,6.615016480669467
4.52,2.2349000000000001e+02,8.2149999999999999e+00,-3.1312837404435503e+00,1.8029499999999999e+02,4.1650000000000009e+00,3.1415926535897931e+00,2.5608499999999998e+02,3.9449999999999990e+00,-3.1344499179203797e+00,3.6419000000000000e+02,8.1750000000000007e+00,3.1415926535897931e+00,4.3680580000000049e+02,4.8050000000000006e+00,3.1415926535897931e+00,0.0,0.0,250.50578652887722,6.597727062336642
4.56,2.2252000000000001e+02,8.2050000000000001e+00,3.1415926535897931e+00,1.7903500000000000e+02,4.1650000000000009e+00,3.1335928242499067e+00,2.5468500000000000e+02,3.9349999999999992e+00,3.1415926535897931e+00,3.6304000000000002e+02,8.1750000000000007e+00,3.1328209487453509e+00,4.3521260000000046e+02,4.8050000000000006e+00,3.1415926535897931e+00,0.0,0.0,249.07149900210143,6.580837061048641
4.6,2.2155000000000001e+02,8.2050000000000001e+00,-3.1312837404435503e+00,1.7778500000000000e+02,4.1750000000000007e+00,3.1336563122823273e+00,2.5329499999999999e+02,3.9349999999999992e+00,3.1415926535897931e+00,3.6189999999999998e+02,8.1850000000000005e+00,3.1415926535897931e+00,4.3361940000000044e+02,4.8050000000000006e+00,3.1415926535897931e+00,0.0,0.0,247.63595508734284,6.563463845916883
4.64,2.2058000000000001e+02,8.1950000000000003e+00,-3.1312837404435503e+00,1.7652500000000001e+02,4.1850000000000005e+00,3.1415926535897931e+00,2.5189499999999998e+02,3.9349999999999992e+00,3.1415926535897931e+00,3.6075000000000000e+02,8.1850000000000005e+00,3.1415926535897931e+00,4.3202620000000042e+02,4.8050000000000006e+00,3.1415926535897931e+00,0.0,0.0,246.19897271081012,6.547636633097629
4.68,2.1961000000000001e+02,8.1850000000000005e+00,3.1415926535897931e+00,1.7525500000000000e+02,4.1850000000000005e+00,3.1336563122823273e+00,2.5050500000000000e+02,3.9349999999999992e+00,-3.1343464036098960e+00,3.5961000000000001e+02,8.1850000000000005e+00,3.1326643194099568e+00,4.3043300000000039e+02,4.8050000000000006e+00,3.1415926535897931e+00,0.0,0.0,244.76058643080415,6.532052747162205
4.72,2.1863000000000000e+02,8.1850000000000005e+00,-3.1312837404435485e+00,1.7399500000000000e+02,4.1950000000000003e+00,3.1415926535897931e+00,2.4912500000000000e+02,3.9249999999999994e+00,3.1415926535897931e+00,3.5849000000000001e+02,8.1950000000000003e+00,3.1415926535897931e+00,4.2883980000000037e+02,4.8050000000000006e+00,3.1415926535897931e+00,0.0,0.0,243.32080461507303,6.517757017264775
4.76,2.1766000000000000e+02,8.1749999999999989e+00,3.1415926535897931e+00,1.7274500000000000e+02,4.1950000000000003e+00,3.1336563122823273e+00,2.4773499999999999e+02,3.9249999999999994e+00,3.1415926535897931e+00,3.5736000000000001e+02,8.1950000000000003e+00,3.1415926535897931e+00,4.2724660000000034e+02,4.8050000000000006e+00,3.1415926535897931e+00,0.0,0.0,241.87945136116826,6.503900062069482
4.8,2.1670000000000002e+02,8.1749999999999989e+00,-3.1312837404435503e+00,1.7148499999999999e+02,4.2050000000000001e+00,3.1335928242499067e+00,2.4634500000000000e+02,3.9249999999999994e+00,-3.1344499179203802e+00,3.5624000000000001e+02,8.1950000000000003e+00,3.1326643194099568e+00,4.2565340000000032e+02,4.8050000000000006e+00,3.1415926535897931e+00,0.0,0.0,240.4365535883308,6.490238233617113
4.84,2.1573000000000002e+02,8.1649999999999991e+00,-3.1312837404435503e+00,1.7023499999999999e+02,4.2149999999999999e+00,3.1337188005656929e+00,2.4494499999999999e+02,3.9149999999999996e+00,3.1415926535897931e+00,3.5512000000000000e+02,8.2050000000000001e+00,3.1415926535897931e+00,4.2406020000000029e+02,4.8050000000000006e+00,3.1415926535897931e+00,0.0,0.0,238.99212888048274,6.477497534542339
4.88,2.1475999999999999e+02,8.1549999999999994e+00,-3.1313889260958390e+00,1.6896500000000000e+02,4.2249999999999996e+00,3.1415926535897931e+00,2.4354499999999999e+02,3.9149999999999996e+00,-3.1343985330995014e+00,3.5399000000000001e+02,8.2050000000000001e+00,3.1415926535897931e+00,4.2246700000000027e+02,4.8050000000000006e+00,3.1415926535897931e+00,0.0,0.0,237.54597851599445,6.463609207855971
4.92,2.1378000000000000e+02,8.1449999999999996e+00,3.1415926535897931e+00,1.6770499999999998e+02,4.2249999999999996e+00,3.1335928242499067e+00,2.4215500000000000e+02,3.9049999999999998e+00,3.1415926535897931e+00,3.5284999999999997e+02,8.2050000000000001e+00,3.1415926535897931e+00,4.2087380000000024e+02,4.8050000000000006e+00,3.1415926535897931e+00,0.0,0.0,236.09972019811713,6.449172941560144
4.96,2.1281000000000000e+02,8.1449999999999996e+00,-3.1312837404435503e+00,1.6645499999999998e+02,4.2349999999999994e+00,3.1337188005656929e+00,2.4076499999999999e+02,3.9049999999999998e+00,3.1415926535897931e+00,3.5173000000000002e+02,8.2050000000000001e+00,3.1328209487453509e+00,4.1928060000000022e+02,4.8050000000000006e+00,3.1415926535897931e+00,0.0,0.0,234.65176716888132,6.433963703621605
5.0,2.1184000000000000e+02,8.1349999999999998e+00,-3.1311763636588239e+00,1.6518500000000000e+02,4.2449999999999992e+00,3.1415926535897931e+00,2.3937500000000000e+02,3.9049999999999998e+00,-3.1343985330995014e+00,3.5058999999999997e+02,8.2149999999999999e+00,3.1415926535897931e+00,4.1768740000000020e+02,4.8050000000000006e+00,3.1415926535897931e+00,0.0,0.0,233.20370842155182,6.418249139619436
5.04,2.1088000000000000e+02,8.1250000000000000e+00,-3.1312837404435503e+00,1.6392499999999998e+02,4.2449999999999992e+00,3.1337803125296908e+00,2.3798499999999999e+02,3.8950000000000000e+00,3.1415926535897931e+00,3.4944999999999999e+02,8.2149999999999999e+00,3.1415926535897931e+00,4.1609420000000017e+02,4.8050000000000006e+00,3.1415926535897931e+00,0.0,0.0,231.75554385860755,6.4020679332084445
5.08,2.0991000000000000e+02,8.1150000000000002e+00,-3.1312837404435503e+00,1.6264499999999998e+02,4.2550000000000008e+00,3.1336563122823273e+00,2.3659500000000000e+02,3.8950000000000000e+00,-3.1343985330995014e+00,3.4832999999999998e+02,8.2149999999999999e+00,3.1415926535897931e+00,4.1450100000000015e+02,4.8050000000000006e+00,3.1415926535897931e+00,0.0,0.0,230.30727384683328,6.385411743212108
5.12,2.0894000000000000e+02,8.1050000000000004e+00,-3.1312837404435485e+00,1.6138499999999999e+02,4.2650000000000006e+00,3.1336563122823273e+00,2.3520499999999998e+02,3.8850000000000002e+00,3.1415926535897931e+00,3.4718000000000001e+02,8.2149999999999999e+00,3.1327433270735359e+00,4.1290780000000012e+02,4.8050000000000006e+00,3.1415926535897931e+00,0.0,0.0,228.8588982764859,6.368312585321882
5.16,2.0797000000000000e+02,8.0949999999999989e+00,-3.1312837404435503e+00,1.6012500000000000e+02,4.2750000000000004e+00,3.1415926535897931e+00,2.3381500000000000e+02,3.8850000000000002e+00,3.1415926535897931e+00,3.4605000000000001e+02,8.2249999999999996e+00,3.1415926535897931e+00,4.1131460000000010e+02,4.8050000000000006e+00,3.1415926535897931e+00,0.0,0.0,227.41041748353265,6.35076730930987
5.2,2.0700000000000000e+02,8.0849999999999991e+00,-3.1311763636588239e+00,1.5887500000000000e+02,4.2750000000000004e+00,3.1335928242499067e+00,2.3243500000000000e+02,3.8850000000000002e+00,-3.1343985330995014e+00,3.4492000000000002e+02,8.2249999999999996e+00,3.1415926535897931e+00,4.0972140000000007e+02,4.8050000000000006e+00,3.1415926535897931e+00,0.0,0.0,225.96183141122063,6.33280116997592
5.24,2.0603999999999999e+02,8.0749999999999993e+00,-3.1311763636588235e+00,1.5762500000000000e+02,4.2850000000000001e+00,3.1336563122823273e+00,2.3104499999999999e+02,3.8750000000000004e+00,3.1415926535897931e+00,3.4379000000000002e+02,8.2249999999999996e+00,3.1327433270735345e+00,4.0812820000000005e+02,4.8050000000000006e+00,3.1415926535897931e+00,0.0,0.0,224.5131403039215,6.314415964760022
5.28,2.0508000000000001e+02,8.0649999999999995e+00,-3.1312837404435503e+00,1.5636499999999998e+02,4.2949999999999999e+00,3.1415926535897931e+00,2.2966499999999999e+02,3.8750000000000004e+00,3.1415926535897931e+00,3.4265999999999997e+02,8.2350000000000012e+00,3.1415926535897931e+00,4.0653500000000003e+02,4.8050000000000006e+00,-3.1347434456258574e+00,0.0,0.0,223.06433779249377,6.296129331233031
5.32,2.0411000000000001e+02,8.0549999999999997e+00,-3.1313889260958394e+00,1.5510499999999999e+02,4.2949999999999999e+00,3.1335928242499067e+00,2.2829499999999999e+02,3.8750000000000004e+00,3.1415926535897931e+00,3.4152999999999997e+02,8.2350000000000012e+00,3.1415926535897931e+00,4.0507499999999999e+02,4.7949999999999990e+00,3.1415926535897931e+00,0.0,0.0,221.61542397803746,6.2779443277432545
5.36,2.0313000000000000e+02,8.0449999999999999e+00,-3.1313889260958390e+00,1.5385499999999999e+02,4.3049999999999997e+00,3.1335928242499067e+00,2.2690500000000000e+02,3.8750000000000004e+00,-3.1343464036098965e+00,3.4038999999999999e+02,8.2350000000000012e+00,3.1415926535897931e+00,4.0358500000000004e+02,4.7949999999999990e+00,3.1415926535897931e+00,0.0,0.0,220.16639907156812,6.259855317013916
5.4,2.0215000000000001e+02,8.0350000000000001e+00,-3.1211873229032552e+00,1.5260499999999999e+02,4.3149999999999995e+00,3.1415926535897931e+00,2.2552499999999998e+02,3.8650000000000007e+00,3.1415926535897931e+00,3.3925999999999999e+02,8.2350000000000012e+00,3.1327433270735359e+00,4.0203500000000003e+02,4.7949999999999990e+00,-3.1350992383615681e+00,0.0,0.0,218.71726321729298,6.241861893426613
5.44,2.0117000000000002e+02,8.0150000000000006e+00,-3.1312837404435485e+00,1.5135499999999999e+02,4.3149999999999995e+00,3.1335928242499067e+00,2.2413499999999999e+02,3.8650000000000007e+00,3.1415926535897931e+00,3.3813000000000000e+02,8.2450000000000010e+00,3.1415926535897931e+00,4.0049500000000000e+02,4.7849999999999993e+00,3.1415926535897931e+00,0.0,0.0,217.26801657415032,6.223962451517525
5.48,2.0020000000000002e+02,8.0049999999999990e+00,-3.1311763636588239e+00,1.5010499999999999e+02,4.3249999999999993e+00,3.1415926535897931e+00,2.2275500000000000e+02,3.8650000000000007e+00,-3.1343985330995001e+00,3.3700000000000000e+02,8.2450000000000010e+00,3.1415926535897931e+00,3.9893500000000000e+02,4.7849999999999993e+00,3.1415926535897931e+00,0.0,0.0,215.81865931707677,6.206154062275512
5.52,1.9924000000000001e+02,7.9949999999999992e+00,-3.1312837404435503e+00,1.4885499999999999e+02,4.3249999999999993e+00,3.1335928242499054e+00,2.2136499999999998e+02,3.8549999999999991e+00,3.1415926535897931e+00,3.3586000000000001e+02,8.2450000000000010e+00,3.1415926535897931e+00,3.9737500000000000e+02,4.7849999999999993e+00,3.1415926535897931e+00,0.0,0.0,214.36919157075872,6.188437800276371
5.56,1.9827000000000001e+02,7.9849999999999994e+00,-3.1313889260958394e+00,1.4760499999999999e+02,4.3350000000000009e+00,3.1335928242499067e+00,2.1998499999999999e+02,3.8549999999999991e+00,3.1415926535897931e+00,3.3471999999999997e+02,8.2450000000000010e+00,3.1328209487453504e+00,3.9580500000000001e+02,4.7849999999999993e+00,3.1415926535897931e+00,0.0,0.0,212.91961352855375,6.170809169664685
5.6,1.9728999999999999e+02,7.9749999999999996e+00,-3.1312837404435503e+00,1.4635499999999999e+02,4.3450000000000006e+00,3.1415926535897931e+00,2.1859500000000000e+02,3.8549999999999991e+00,3.1415926535897931e+00,3.3357999999999998e+02,8.2550000000000008e+00,3.1415926535897931e+00,3.9422500000000002e+02,4.7849999999999993e+00,-3.1353427349680945e+00,0.0,0.0,211.46992529598762,6.153270755207728
5.64,1.9631999999999999e+02,7.9649999999999999e+00,-3.1313889260958390e+00,1.4510499999999999e+02,4.3450000000000006e+00,3.1336563122823273e+00,2.1721499999999997e+02,3.8549999999999991e+00,3.1415926535897931e+00,3.3244000000000000e+02,8.2550000000000008e+00,3.1415926535897931e+00,3.9262500000000000e+02,4.7749999999999995e+00,3.1415926535897931e+00,0.0,0.0,210.0202370634215,6.135732340750772
5.68,1.9534000000000000e+02,7.9550000000000001e+00,-3.1313889260958390e+00,1.4384500000000000e+02,4.3550000000000004e+00,3.1415926535897931e+00,2.1583499999999998e+02,3.8549999999999991e+00,3.1415926535897931e+00,3.3131000000000000e+02,8.2550000000000008e+00,3.1415926535897931e+00,3.9104500000000002e+02,4.7749999999999995e+00,-3.1353034283370862e+00,0.0,0.0,208.57054883085536,6.118193926293815
5.72,1.9436000000000001e+02,7.9450000000000003e+00,3.1415926535897931e+00,1.4259500000000000e+02,4.3550000000000004e+00,3.1335928242499067e+00,2.1445499999999998e+02,3.8549999999999991e+00,-3.1343985330995014e+00,3.3017000000000002e+02,8.2550000000000008e+00,3.1415926535897931e+00,3.8945499999999998e+02,4.7649999999999997e+00,3.1415926535897931e+00,0.0,0.0,207.12086059828923,6.100655511836858
5.76,1.9339000000000001e+02,7.9450000000000003e+00,-3.1312837404435503e+00,1.4134500000000000e+02,4.3650000000000002e+00,3.1415926535897931e+00,2.1306500000000000e+02,3.8449999999999993e+00,3.1415926535897931e+00,3.2901999999999998e+02,8.2550000000000008e+00,3.1328972205780148e+00,3.8785500000000002e+02,4.7649999999999997e+00,3.1415926535897931e+00,0.0,0.0,205.6711723657231,6.083117097379901
5.8,1.9242000000000002e+02,7.9350000000000005e+00,-3.1312837404435485e+00,1.4009500000000000e+02,4.3650000000000002e+00,3.1335283122830266e+00,2.1168500000000000e+02,3.8449999999999993e+00,3.1415926535897931e+00,3.2787000000000000e+02,8.2650000000000006e+00,3.1415926535897931e+00,3.8624500000000000e+02,4.7649999999999997e+00,-3.1353815533369271e+00,0.0,0.0,204.22148413315696,6.065578682922944
5.84,1.9145000000000002e+02,7.9249999999999989e+00,-3.1312837404435503e+00,1.3885499999999999e+02,4.3750000000000000e+00,3.1415926535897931e+00,2.1031500000000000e+02,3.8449999999999993e+00,3.1415926535897931e+00,3.2673000000000002e+02,8.2650000000000006e+00,3.1415926535897931e+00,3.8463499999999999e+02,4.7549999999999999e+00,3.1415926535897931e+00,0.0,0.0,202.77179590059083,6.0480402684659875
5.88,1.9048000000000002e+02,7.9149999999999991e+00,3.1415926535897931e+00,1.3761499999999998e+02,4.3750000000000000e+00,3.1415926535897931e+00,2.0894499999999999e+02,3.8449999999999993e+00,3.1415926535897931e+00,3.2558999999999997e+02,8.2650000000000006e+00,3.1415926535897931e+00,3.8302500000000003e+02,4.7549999999999999e+00,-3.1353427349680945e+00,0.0,0.0,201.3221076680247,6.030501854009031
5.92,1.8950000000000000e+02,7.9149999999999991e+00,-3.1312837404435503e+00,1.3637500000000000e+02,4.3750000000000000e+00,3.1334627514098496e+00,2.0756500000000000e+02,3.8449999999999993e+00,3.1415926535897931e+00,3.2444999999999999e+02,8.2650000000000006e+00,3.1415926535897931e+00,3.8142500000000001e+02,4.7450000000000001e+00,3.1415926535897931e+00,0.0,0.0,199.87241943545857,6.012963439552074
5.96,1.8853000000000000e+02,7.9049999999999994e+00,3.1415926535897931e+00,1.3514499999999998e+02,4.3849999999999998e+00,3.1415926535897931e+00,2.0618500000000000e+02,3.8449999999999993e+00,3.1415926535897931e+00,3.2331000000000000e+02,8.2650000000000006e+00,3.1415926535897931e+00,3.7983500000000004e+02,4.7450000000000001e+00,-3.1352636241735916e+00,0.0,0.0,198.42273120289244,5.995425025095117
6.0,1.8756000000000000e+02,7.9049999999999994e+00,-3.1313889260958390e+00,1.3390500000000000e+02,4.3849999999999998e+00,3.1415926535897931e+00,2.0481500000000000e+02,3.8449999999999993e+00,3.1415926535897931e+00,3.2219000000000000e+02,8.2650000000000006e+00,3.1415926535897931e+00,3.7825500000000000e+02,4.7350000000000003e+00,3.1415926535897931e+00,0.0,0.0,196.9730429703263,5.97788661063816
6.04,1.8658000000000001e+02,7.8949999999999996e+00,3.1415926535897931e+00,1.3266499999999999e+02,4.3849999999999998e+00,3.1335283122830266e+00,2.0344499999999999e+02,3.8449999999999993e+00,3.1415926535897931e+00,3.2105000000000001e+02,8.2650000000000006e+00,3.1415926535897931e+00,3.7668500000000000e+02,4.7350000000000003e+00,3.1415926535897931e+00,0.0,0.0,195.52335473776017,5.9603481961812035
6.08,1.8559999999999999e+02,7.8949999999999996e+00,-3.1312837404435503e+00,1.3142499999999998e+02,4.3949999999999996e+00,3.1415926535897931e+00,2.0207499999999999e+02,3.8449999999999993e+00,3.1415926535897931e+00,3.1993000000000001e+02,8.2650000000000006e+00,3.1415926535897931e+00,3.7509500000000003e+02,4.7350000000000003e+00,-3.1353034283370862e+00,0.0,0.0,194.07366650519404,5.942809781724247
6.12,1.8463000000000000e+02,7.8849999999999998e+00,3.1415926535897931e+00,1.3018500000000000e+02,4.3949999999999996e+00,3.1415926535897931e+00,2.0070499999999998e+02,3.8449999999999993e+00,3.1415926535897931e+00,3.1879000000000002e+02,8.2650000000000006e+00,3.1327433270735363e+00,3.7350500000000000e+02,4.7250000000000005e+00,3.1415926535897931e+00,0.0,0.0,192.6239782726279,5.92527136726729
6.16,1.8365000000000001e+02,7.8849999999999998e+00,3.1415926535897931e+00,1.2895500000000001e+02,4.3949999999999996e+00,3.1415926535897931e+00,1.9932499999999999e+02,3.8449999999999993e+00,3.1342935131460963e+00,3.1765999999999997e+02,8.2750000000000004e+00,3.1415926535897931e+00,3.7191500000000002e+02,4.7250000000000005e+00,-3.1353034283370862e+00,0.0,0.0,191.17429004006178,5.907732952810333
6.2,1.8268000000000001e+02,7.8849999999999998e+00,-3.1313889260958390e+00,1.2772499999999999e+02,4.3949999999999996e+00,3.1415926535897931e+00,1.9795499999999998e+02,3.8549999999999991e+00,3.1415926535897931e+00,3.1652999999999997e+02,8.2750000000000004e+00,3.1415926535897931e+00,3.7032499999999999e+02,4.7150000000000007e+00,3.1415926535897931e+00,0.0,0.0,189.72460180749565,5.890194538353376
6.24,1.8170000000000002e+02,7.8750000000000000e+00,3.1415926535897931e+00,1.2649499999999999e+02,4.3949999999999996e+00,3.1415926535897931e+00,1.9658499999999998e+02,3.8549999999999991e+00,3.1415926535897931e+00,3.1539999999999998e+02,8.2750000000000004e+00,3.1415926535897931e+00,3.6872500000000002e+02,4.7150000000000007e+00,-3.1352636241735903e+00,0.0,0.0,188.2749135749295,5.8726561238964194
6.28,1.8073000000000002e+02,7.8750000000000000e+00,3.1415926535897931e+00,1.2526500000000000e+02,4.3949999999999996e+00,3.1415926535897931e+00,1.9520499999999998e+02,3.8549999999999991e+00,3.1415926535897931e+00,3.1426999999999998e+02,8.2750000000000004e+00,3.1415926535897931e+00,3.6714500000000004e+02,4.7049999999999992e+00,3.1415926535897931e+00,0.0,0.0,186.82522534236338,5.855117709439463
6.32,1.7975000000000000e+02,7.8750000000000000e+00,3.1415926535897931e+00,1.2403500000000000e+02,4.3949999999999996e+00,3.1415926535897931e+00,1.9383499999999998e+02,3.8549999999999991e+00,3.1415926535897931e+00,3.1313000000000000e+02,8.2750000000000004e+00,3.1415926535897931e+00,3.6554500000000002e+02,4.7049999999999992e+00,-3.1352636241735916e+00,0.0,0.0,185.37553710979725,5.837579294982506
6.36,1.7877000000000001e+02,7.8750000000000000e+00,3.1415926535897931e+00,1.2281500000000000e+02,4.3949999999999996e+00,3.1415926535897931e+00,1.9245499999999998e+02,3.8549999999999991e+00,3.1343464036098951e+00,3.1200000000000000e+02,8.2750000000000004e+00,3.1415926535897931e+00,3.6396500000000003e+02,4.6949999999999994e+00,3.1415926535897931e+00,0.0,0.0,183.92584887723112,5.820040880525549
6.4,1.7780000000000001e+02,7.8750000000000000e+00,3.1415926535897931e+00,1.2158499999999999e+02,4.3949999999999996e+00,3.1415926535897931e+00,1.9107499999999999e+02,3.8650000000000007e+00,3.1415926535897931e+00,3.1087000000000000e+02,8.2750000000000004e+00,3.1415926535897931e+00,3.6237500000000000e+02,4.6949999999999994e+00,3.1415926535897931e+00,0.0,1.0,182.476160644665,5.802502466068592
